Dates,URL,News,Price Direction Up,Price Direction Constant,Price Direction Down,Asset Comparision,Past Information,Future Information,Price Sentiment
14-05-2025,https://gold.example.com/news/0,Gold prices surge as market volatility increases,1,0,0,0,1,0,negative
15-05-2025,https://gold.example.com/news/1,RBI policy announcement impacts gold trading,1,0,0,0,1,0,negative
16-05-2025,https://gold.example.com/news/2,Indian rupee movement affects gold imports,1,0,0,0,1,0,neutral
19-05-2025,https://gold.example.com/news/3,Global gold demand remains strong despite headwinds,0,0,1,0,1,0,positive
20-05-2025,https://gold.example.com/news/4,MCX gold futures rally on investment demand,1,0,0,0,1,0,negative
21-05-2025,https://gold.example.com/news/5,Gold ETF flows increase as safe haven demand grows,1,0,0,0,1,0,neutral
22-05-2025,https://gold.example.com/news/6,Inflation concerns support precious metal prices,1,0,0,0,1,0,neutral
23-05-2025,https://gold.example.com/news/7,Dollar weakness boosts gold attractiveness globally,1,0,0,0,1,0,neutral
26-05-2025,https://gold.example.com/news/8,Central bank purchases push gold prices higher,0,1,0,0,1,0,neutral
27-05-2025,https://gold.example.com/news/9,Economic uncertainty drives gold buying interest,0,0,1,0,1,0,negative
28-05-2025,https://gold.example.com/news/10,Geopolitical tensions elevate gold risk premium,0,0,1,0,1,0,neutral
29-05-2025,https://gold.example.com/news/11,Interest rate expectations impact gold demand,0,0,1,0,1,0,negative
30-05-2025,https://gold.example.com/news/12,Jewelry demand in India remains steady,0,1,0,0,1,0,positive
02-06-2025,https://gold.example.com/news/13,Industrial gold consumption shows mixed trends,0,1,0,0,1,0,negative
03-06-2025,https://gold.example.com/news/14,Technical analysis suggests continued gold strength,0,1,0,0,1,0,negative
04-06-2025,https://gold.example.com/news/15,Gold mining stocks outperform sector averages,0,1,0,0,1,0,negative
05-06-2025,https://gold.example.com/news/16,Portfolio diversification demands push bullion sales,1,0,0,0,1,0,negative
06-06-2025,https://gold.example.com/news/17,Asian gold markets see strong local demand,0,0,1,0,1,0,negative
09-06-2025,https://gold.example.com/news/18,Safe haven flows into precious metals accelerate,0,0,1,0,1,0,neutral
10-06-2025,https://gold.example.com/news/19,Market forecasters raise gold price targets,0,0,1,0,1,0,positive
11-06-2025,https://gold.example.com/news/20,Gold prices surge as market volatility increases,1,0,0,0,1,0,positive
12-06-2025,https://gold.example.com/news/21,RBI policy announcement impacts gold trading,1,0,0,0,1,0,negative
13-06-2025,https://gold.example.com/news/22,Indian rupee movement affects gold imports,0,1,0,0,1,0,negative
16-06-2025,https://gold.example.com/news/23,Global gold demand remains strong despite headwinds,1,0,0,0,1,0,negative
17-06-2025,https://gold.example.com/news/24,MCX gold futures rally on investment demand,1,0,0,0,1,0,positive
18-06-2025,https://gold.example.com/news/25,Gold ETF flows increase as safe haven demand grows,0,1,0,0,1,0,neutral
19-06-2025,https://gold.example.com/news/26,Inflation concerns support precious metal prices,0,0,1,0,1,0,negative
20-06-2025,https://gold.example.com/news/27,Dollar weakness boosts gold attractiveness globally,0,1,0,0,1,0,negative
23-06-2025,https://gold.example.com/news/28,Central bank purchases push gold prices higher,1,0,0,0,1,0,neutral
24-06-2025,https://gold.example.com/news/29,Economic uncertainty drives gold buying interest,0,0,1,0,1,0,negative
25-06-2025,https://gold.example.com/news/30,Geopolitical tensions elevate gold risk premium,1,0,0,0,1,0,neutral
26-06-2025,https://gold.example.com/news/31,Interest rate expectations impact gold demand,1,0,0,0,1,0,neutral
27-06-2025,https://gold.example.com/news/32,Jewelry demand in India remains steady,1,0,0,0,1,0,positive
30-06-2025,https://gold.example.com/news/33,Industrial gold consumption shows mixed trends,0,0,1,0,1,0,neutral
01-07-2025,https://gold.example.com/news/34,Technical analysis suggests continued gold strength,1,0,0,0,1,0,negative
02-07-2025,https://gold.example.com/news/35,Gold mining stocks outperform sector averages,0,1,0,0,1,0,neutral
03-07-2025,https://gold.example.com/news/36,Portfolio diversification demands push bullion sales,0,0,1,0,1,0,positive
04-07-2025,https://gold.example.com/news/37,Asian gold markets see strong local demand,0,0,1,0,1,0,neutral
07-07-2025,https://gold.example.com/news/38,Safe haven flows into precious metals accelerate,0,1,0,0,1,0,positive
08-07-2025,https://gold.example.com/news/39,Market forecasters raise gold price targets,1,0,0,0,1,0,positive
09-07-2025,https://gold.example.com/news/40,Gold prices surge as market volatility increases,0,1,0,0,1,0,positive
10-07-2025,https://gold.example.com/news/41,RBI policy announcement impacts gold trading,0,1,0,0,1,0,negative
11-07-2025,https://gold.example.com/news/42,Indian rupee movement affects gold imports,0,0,1,0,1,0,neutral
14-07-2025,https://gold.example.com/news/43,Global gold demand remains strong despite headwinds,0,0,1,0,1,0,neutral
15-07-2025,https://gold.example.com/news/44,MCX gold futures rally on investment demand,1,0,0,0,1,0,negative
16-07-2025,https://gold.example.com/news/45,Gold ETF flows increase as safe haven demand grows,1,0,0,0,1,0,negative
17-07-2025,https://gold.example.com/news/46,Inflation concerns support precious metal prices,0,1,0,0,1,0,positive
18-07-2025,https://gold.example.com/news/47,Dollar weakness boosts gold attractiveness globally,1,0,0,0,1,0,negative
21-07-2025,https://gold.example.com/news/48,Central bank purchases push gold prices higher,0,1,0,0,1,0,neutral
22-07-2025,https://gold.example.com/news/49,Economic uncertainty drives gold buying interest,1,0,0,0,1,0,negative
23-07-2025,https://gold.example.com/news/50,Geopolitical tensions elevate gold risk premium,1,0,0,0,1,0,neutral
24-07-2025,https://gold.example.com/news/51,Interest rate expectations impact gold demand,0,1,0,0,1,0,positive
25-07-2025,https://gold.example.com/news/52,Jewelry demand in India remains steady,0,1,0,0,1,0,positive
28-07-2025,https://gold.example.com/news/53,Industrial gold consumption shows mixed trends,0,1,0,0,1,0,neutral
29-07-2025,https://gold.example.com/news/54,Technical analysis suggests continued gold strength,0,1,0,0,1,0,negative
30-07-2025,https://gold.example.com/news/55,Gold mining stocks outperform sector averages,0,1,0,0,1,0,negative
31-07-2025,https://gold.example.com/news/56,Portfolio diversification demands push bullion sales,0,1,0,0,1,0,neutral
01-08-2025,https://gold.example.com/news/57,Asian gold markets see strong local demand,0,1,0,0,1,0,neutral
04-08-2025,https://gold.example.com/news/58,Safe haven flows into precious metals accelerate,1,0,0,0,1,0,positive
05-08-2025,https://gold.example.com/news/59,Market forecasters raise gold price targets,0,1,0,0,1,0,neutral
06-08-2025,https://gold.example.com/news/60,Gold prices surge as market volatility increases,1,0,0,0,1,0,neutral
07-08-2025,https://gold.example.com/news/61,RBI policy announcement impacts gold trading,1,0,0,0,1,0,positive
08-08-2025,https://gold.example.com/news/62,Indian rupee movement affects gold imports,1,0,0,0,1,0,negative
11-08-2025,https://gold.example.com/news/63,Global gold demand remains strong despite headwinds,0,1,0,0,1,0,positive
12-08-2025,https://gold.example.com/news/64,MCX gold futures rally on investment demand,1,0,0,0,1,0,negative
13-08-2025,https://gold.example.com/news/65,Gold ETF flows increase as safe haven demand grows,0,1,0,0,1,0,positive
14-08-2025,https://gold.example.com/news/66,Inflation concerns support precious metal prices,0,1,0,0,1,0,positive
18-08-2025,https://gold.example.com/news/67,Dollar weakness boosts gold attractiveness globally,0,0,1,0,1,0,positive
19-08-2025,https://gold.example.com/news/68,Central bank purchases push gold prices higher,0,0,1,0,1,0,neutral
20-08-2025,https://gold.example.com/news/69,Economic uncertainty drives gold buying interest,0,1,0,0,1,0,neutral
21-08-2025,https://gold.example.com/news/70,Geopolitical tensions elevate gold risk premium,0,0,1,0,1,0,positive
22-08-2025,https://gold.example.com/news/71,Interest rate expectations impact gold demand,0,1,0,0,1,0,negative
25-08-2025,https://gold.example.com/news/72,Jewelry demand in India remains steady,1,0,0,0,1,0,negative
26-08-2025,https://gold.example.com/news/73,Industrial gold consumption shows mixed trends,1,0,0,0,1,0,positive
28-08-2025,https://gold.example.com/news/74,Technical analysis suggests continued gold strength,0,1,0,0,1,0,neutral
29-08-2025,https://gold.example.com/news/75,Gold mining stocks outperform sector averages,0,1,0,0,1,0,negative
01-09-2025,https://gold.example.com/news/76,Portfolio diversification demands push bullion sales,0,0,1,0,1,0,neutral
02-09-2025,https://gold.example.com/news/77,Asian gold markets see strong local demand,0,0,1,0,1,0,positive
03-09-2025,https://gold.example.com/news/78,Safe haven flows into precious metals accelerate,0,1,0,0,1,0,negative
04-09-2025,https://gold.example.com/news/79,Market forecasters raise gold price targets,0,1,0,0,1,0,negative
05-09-2025,https://gold.example.com/news/80,Gold prices surge as market volatility increases,1,0,0,0,1,0,positive
08-09-2025,https://gold.example.com/news/81,RBI policy announcement impacts gold trading,0,1,0,0,1,0,positive
09-09-2025,https://gold.example.com/news/82,Indian rupee movement affects gold imports,0,0,1,0,1,0,negative
10-09-2025,https://gold.example.com/news/83,Global gold demand remains strong despite headwinds,1,0,0,0,1,0,neutral
11-09-2025,https://gold.example.com/news/84,MCX gold futures rally on investment demand,0,1,0,0,1,0,negative
12-09-2025,https://gold.example.com/news/85,Gold ETF flows increase as safe haven demand grows,0,1,0,0,1,0,positive
15-09-2025,https://gold.example.com/news/86,Inflation concerns support precious metal prices,0,1,0,0,1,0,positive
16-09-2025,https://gold.example.com/news/87,Dollar weakness boosts gold attractiveness globally,1,0,0,0,1,0,positive
17-09-2025,https://gold.example.com/news/88,Central bank purchases push gold prices higher,1,0,0,0,1,0,neutral
18-09-2025,https://gold.example.com/news/89,Economic uncertainty drives gold buying interest,0,1,0,0,1,0,negative
19-09-2025,https://gold.example.com/news/90,Geopolitical tensions elevate gold risk premium,0,0,1,0,1,0,neutral
22-09-2025,https://gold.example.com/news/91,Interest rate expectations impact gold demand,0,0,1,0,1,0,negative
23-09-2025,https://gold.example.com/news/92,Jewelry demand in India remains steady,1,0,0,0,1,0,negative
24-09-2025,https://gold.example.com/news/93,Industrial gold consumption shows mixed trends,0,1,0,0,1,0,positive
25-09-2025,https://gold.example.com/news/94,Technical analysis suggests continued gold strength,0,0,1,0,1,0,negative
26-09-2025,https://gold.example.com/news/95,Gold mining stocks outperform sector averages,0,0,1,0,1,0,neutral
29-09-2025,https://gold.example.com/news/96,Portfolio diversification demands push bullion sales,0,1,0,0,1,0,positive
30-09-2025,https://gold.example.com/news/97,Asian gold markets see strong local demand,1,0,0,0,1,0,positive
01-10-2025,https://gold.example.com/news/98,Safe haven flows into precious metals accelerate,1,0,0,0,1,0,positive
03-10-2025,https://gold.example.com/news/99,Market forecasters raise gold price targets,1,0,0,0,1,0,neutral
06-10-2025,https://gold.example.com/news/100,Gold prices surge as market volatility increases,0,0,1,0,1,0,negative
07-10-2025,https://gold.example.com/news/101,RBI policy announcement impacts gold trading,1,0,0,0,1,0,positive
08-10-2025,https://gold.example.com/news/102,Indian rupee movement affects gold imports,1,0,0,0,1,0,positive
09-10-2025,https://gold.example.com/news/103,Global gold demand remains strong despite headwinds,1,0,0,0,1,0,positive
10-10-2025,https://gold.example.com/news/104,MCX gold futures rally on investment demand,0,1,0,0,1,0,positive
13-10-2025,https://gold.example.com/news/105,Gold ETF flows increase as safe haven demand grows,0,0,1,0,1,0,negative
14-10-2025,https://gold.example.com/news/106,Inflation concerns support precious metal prices,0,0,1,0,1,0,negative
15-10-2025,https://gold.example.com/news/107,Dollar weakness boosts gold attractiveness globally,1,0,0,0,1,0,neutral
16-10-2025,https://gold.example.com/news/108,Central bank purchases push gold prices higher,0,0,1,0,1,0,positive
17-10-2025,https://gold.example.com/news/109,Economic uncertainty drives gold buying interest,1,0,0,0,1,0,neutral
20-10-2025,https://gold.example.com/news/110,Geopolitical tensions elevate gold risk premium,1,0,0,0,1,0,positive
21-10-2025,https://gold.example.com/news/111,Interest rate expectations impact gold demand,0,1,0,0,1,0,negative
23-10-2025,https://gold.example.com/news/112,Jewelry demand in India remains steady,0,0,1,0,1,0,negative
27-10-2025,https://gold.example.com/news/113,Industrial gold consumption shows mixed trends,1,0,0,0,1,0,neutral
28-10-2025,https://gold.example.com/news/114,Technical analysis suggests continued gold strength,1,0,0,0,1,0,positive
29-10-2025,https://gold.example.com/news/115,Gold mining stocks outperform sector averages,0,0,1,0,1,0,negative
30-10-2025,https://gold.example.com/news/116,Portfolio diversification demands push bullion sales,1,0,0,0,1,0,neutral
31-10-2025,https://gold.example.com/news/117,Asian gold markets see strong local demand,0,1,0,0,1,0,positive
03-11-2025,https://gold.example.com/news/118,Safe haven flows into precious metals accelerate,0,0,1,0,1,0,neutral
04-11-2025,https://gold.example.com/news/119,Market forecasters raise gold price targets,1,0,0,0,1,0,positive
06-11-2025,https://gold.example.com/news/120,Gold prices surge as market volatility increases,0,0,1,0,1,0,neutral
07-11-2025,https://gold.example.com/news/121,RBI policy announcement impacts gold trading,0,1,0,0,1,0,neutral
10-11-2025,https://gold.example.com/news/122,Indian rupee movement affects gold imports,1,0,0,0,1,0,positive
11-11-2025,https://gold.example.com/news/123,Global gold demand remains strong despite headwinds,0,1,0,0,1,0,negative
12-11-2025,https://gold.example.com/news/124,MCX gold futures rally on investment demand,0,0,1,0,1,0,negative
13-11-2025,https://gold.example.com/news/125,Gold ETF flows increase as safe haven demand grows,1,0,0,0,1,0,positive
14-11-2025,https://gold.example.com/news/126,Inflation concerns support precious metal prices,0,1,0,0,1,0,positive
17-11-2025,https://gold.example.com/news/127,Dollar weakness boosts gold attractiveness globally,1,0,0,0,1,0,negative
18-11-2025,https://gold.example.com/news/128,Central bank purchases push gold prices higher,1,0,0,0,1,0,positive
19-11-2025,https://gold.example.com/news/129,Economic uncertainty drives gold buying interest,0,1,0,0,1,0,negative
20-11-2025,https://gold.example.com/news/130,Geopolitical tensions elevate gold risk premium,1,0,0,0,1,0,positive
21-11-2025,https://gold.example.com/news/131,Interest rate expectations impact gold demand,1,0,0,0,1,0,negative
24-11-2025,https://gold.example.com/news/132,Jewelry demand in India remains steady,0,0,1,0,1,0,neutral
25-11-2025,https://gold.example.com/news/133,Industrial gold consumption shows mixed trends,0,0,1,0,1,0,positive
26-11-2025,https://gold.example.com/news/134,Technical analysis suggests continued gold strength,1,0,0,0,1,0,positive
27-11-2025,https://gold.example.com/news/135,Gold mining stocks outperform sector averages,0,0,1,0,1,0,positive
28-11-2025,https://gold.example.com/news/136,Portfolio diversification demands push bullion sales,1,0,0,0,1,0,neutral
01-12-2025,https://gold.example.com/news/137,Asian gold markets see strong local demand,0,0,1,0,1,0,positive
02-12-2025,https://gold.example.com/news/138,Safe haven flows into precious metals accelerate,0,0,1,0,1,0,negative
03-12-2025,https://gold.example.com/news/139,Market forecasters raise gold price targets,0,1,0,0,1,0,negative
04-12-2025,https://gold.example.com/news/140,Gold prices surge as market volatility increases,0,1,0,0,1,0,negative
05-12-2025,https://gold.example.com/news/141,RBI policy announcement impacts gold trading,0,0,1,0,1,0,positive
08-12-2025,https://gold.example.com/news/142,Indian rupee movement affects gold imports,0,1,0,0,1,0,negative
09-12-2025,https://gold.example.com/news/143,Global gold demand remains strong despite headwinds,0,0,1,0,1,0,positive
10-12-2025,https://gold.example.com/news/144,MCX gold futures rally on investment demand,0,1,0,0,1,0,positive
11-12-2025,https://gold.example.com/news/145,Gold ETF flows increase as safe haven demand grows,0,1,0,0,1,0,positive
12-12-2025,https://gold.example.com/news/146,Inflation concerns support precious metal prices,0,1,0,0,1,0,negative
15-12-2025,https://gold.example.com/news/147,Dollar weakness boosts gold attractiveness globally,1,0,0,0,1,0,positive
16-12-2025,https://gold.example.com/news/148,Central bank purchases push gold prices higher,0,1,0,0,1,0,negative
17-12-2025,https://gold.example.com/news/149,Economic uncertainty drives gold buying interest,1,0,0,0,1,0,positive
18-12-2025,https://gold.example.com/news/150,Geopolitical tensions elevate gold risk premium,1,0,0,0,1,0,negative
19-12-2025,https://gold.example.com/news/151,Interest rate expectations impact gold demand,0,1,0,0,1,0,negative
22-12-2025,https://gold.example.com/news/152,Jewelry demand in India remains steady,0,1,0,0,1,0,positive
23-12-2025,https://gold.example.com/news/153,Industrial gold consumption shows mixed trends,0,0,1,0,1,0,positive
24-12-2025,https://gold.example.com/news/154,Technical analysis suggests continued gold strength,0,1,0,0,1,0,neutral
26-12-2025,https://gold.example.com/news/155,Gold mining stocks outperform sector averages,0,1,0,0,1,0,positive
29-12-2025,https://gold.example.com/news/156,Portfolio diversification demands push bullion sales,0,0,1,0,1,0,positive
30-12-2025,https://gold.example.com/news/157,Asian gold markets see strong local demand,1,0,0,0,1,0,neutral
31-12-2025,https://gold.example.com/news/158,Safe haven flows into precious metals accelerate,1,0,0,0,1,0,negative
01-01-2026,https://gold.example.com/news/159,Market forecasters raise gold price targets,0,1,0,0,1,0,negative
02-01-2026,https://gold.example.com/news/160,Gold prices surge as market volatility increases,0,1,0,0,1,0,negative
05-01-2026,https://gold.example.com/news/161,RBI policy announcement impacts gold trading,0,0,1,0,1,0,positive
06-01-2026,https://gold.example.com/news/162,Indian rupee movement affects gold imports,0,1,0,0,1,0,positive
07-01-2026,https://gold.example.com/news/163,Global gold demand remains strong despite headwinds,1,0,0,0,1,0,neutral
08-01-2026,https://gold.example.com/news/164,MCX gold futures rally on investment demand,1,0,0,0,1,0,positive
09-01-2026,https://gold.example.com/news/165,Gold ETF flows increase as safe haven demand grows,0,0,1,0,1,0,positive
12-01-2026,https://gold.example.com/news/166,Inflation concerns support precious metal prices,0,1,0,0,1,0,negative
13-01-2026,https://gold.example.com/news/167,Dollar weakness boosts gold attractiveness globally,0,1,0,0,1,0,negative
14-01-2026,https://gold.example.com/news/168,Central bank purchases push gold prices higher,1,0,0,0,1,0,neutral
15-01-2026,https://gold.example.com/news/169,Economic uncertainty drives gold buying interest,1,0,0,0,1,0,negative
16-01-2026,https://gold.example.com/news/170,Geopolitical tensions elevate gold risk premium,0,0,1,0,1,0,neutral
19-01-2026,https://gold.example.com/news/171,Interest rate expectations impact gold demand,0,1,0,0,1,0,negative
20-01-2026,https://gold.example.com/news/172,Jewelry demand in India remains steady,1,0,0,0,1,0,neutral
21-01-2026,https://gold.example.com/news/173,Industrial gold consumption shows mixed trends,0,0,1,0,1,0,negative
22-01-2026,https://gold.example.com/news/174,Technical analysis suggests continued gold strength,0,1,0,0,1,0,negative
23-01-2026,https://gold.example.com/news/175,Gold mining stocks outperform sector averages,0,0,1,0,1,0,neutral
27-01-2026,https://gold.example.com/news/176,Portfolio diversification demands push bullion sales,0,1,0,0,1,0,neutral
28-01-2026,https://gold.example.com/news/177,Asian gold markets see strong local demand,0,1,0,0,1,0,neutral
29-01-2026,https://gold.example.com/news/178,Safe haven flows into precious metals accelerate,0,1,0,0,1,0,neutral
30-01-2026,https://gold.example.com/news/179,Market forecasters raise gold price targets,1,0,0,0,1,0,negative
02-02-2026,https://gold.example.com/news/180,Gold prices surge as market volatility increases,1,0,0,0,1,0,negative
03-02-2026,https://gold.example.com/news/181,RBI policy announcement impacts gold trading,0,0,1,0,1,0,positive
04-02-2026,https://gold.example.com/news/182,Indian rupee movement affects gold imports,1,0,0,0,1,0,negative
05-02-2026,https://gold.example.com/news/183,Global gold demand remains strong despite headwinds,0,0,1,0,1,0,positive
06-02-2026,https://gold.example.com/news/184,MCX gold futures rally on investment demand,0,1,0,0,1,0,neutral
09-02-2026,https://gold.example.com/news/185,Gold ETF flows increase as safe haven demand grows,1,0,0,0,1,0,positive
10-02-2026,https://gold.example.com/news/186,Inflation concerns support precious metal prices,0,0,1,0,1,0,positive
11-02-2026,https://gold.example.com/news/187,Dollar weakness boosts gold attractiveness globally,0,0,1,0,1,0,negative
12-02-2026,https://gold.example.com/news/188,Central bank purchases push gold prices higher,0,1,0,0,1,0,positive
13-02-2026,https://gold.example.com/news/189,Economic uncertainty drives gold buying interest,1,0,0,0,1,0,neutral
16-02-2026,https://gold.example.com/news/190,Geopolitical tensions elevate gold risk premium,0,0,1,0,1,0,neutral
17-02-2026,https://gold.example.com/news/191,Interest rate expectations impact gold demand,0,1,0,0,1,0,positive
18-02-2026,https://gold.example.com/news/192,Jewelry demand in India remains steady,0,1,0,0,1,0,negative
19-02-2026,https://gold.example.com/news/193,Industrial gold consumption shows mixed trends,0,1,0,0,1,0,neutral
20-02-2026,https://gold.example.com/news/194,Technical analysis suggests continued gold strength,0,1,0,0,1,0,neutral
23-02-2026,https://gold.example.com/news/195,Gold mining stocks outperform sector averages,0,1,0,0,1,0,negative
24-02-2026,https://gold.example.com/news/196,Portfolio diversification demands push bullion sales,0,0,1,0,1,0,neutral
25-02-2026,https://gold.example.com/news/197,Asian gold markets see strong local demand,0,1,0,0,1,0,negative
26-02-2026,https://gold.example.com/news/198,Safe haven flows into precious metals accelerate,1,0,0,0,1,0,positive
27-02-2026,https://gold.example.com/news/199,Market forecasters raise gold price targets,1,0,0,0,1,0,negative
02-03-2026,https://gold.example.com/news/200,Gold prices surge as market volatility increases,0,1,0,0,1,0,positive
04-03-2026,https://gold.example.com/news/201,RBI policy announcement impacts gold trading,0,1,0,0,1,0,neutral
05-03-2026,https://gold.example.com/news/202,Indian rupee movement affects gold imports,0,1,0,0,1,0,negative
06-03-2026,https://gold.example.com/news/203,Global gold demand remains strong despite headwinds,0,1,0,0,1,0,neutral
09-03-2026,https://gold.example.com/news/204,MCX gold futures rally on investment demand,0,0,1,0,1,0,neutral
10-03-2026,https://gold.example.com/news/205,Gold ETF flows increase as safe haven demand grows,0,0,1,0,1,0,positive
11-03-2026,https://gold.example.com/news/206,Inflation concerns support precious metal prices,0,0,1,0,1,0,neutral
12-03-2026,https://gold.example.com/news/207,Dollar weakness boosts gold attractiveness globally,0,1,0,0,1,0,neutral
13-03-2026,https://gold.example.com/news/208,Central bank purchases push gold prices higher,1,0,0,0,1,0,neutral
16-03-2026,https://gold.example.com/news/209,Economic uncertainty drives gold buying interest,0,1,0,0,1,0,neutral
17-03-2026,https://gold.example.com/news/210,Geopolitical tensions elevate gold risk premium,1,0,0,0,1,0,negative
18-03-2026,https://gold.example.com/news/211,Interest rate expectations impact gold demand,0,0,1,0,1,0,positive
19-03-2026,https://gold.example.com/news/212,Jewelry demand in India remains steady,0,0,1,0,1,0,positive
20-03-2026,https://gold.example.com/news/213,Industrial gold consumption shows mixed trends,0,1,0,0,1,0,positive
23-03-2026,https://gold.example.com/news/214,Technical analysis suggests continued gold strength,0,1,0,0,1,0,neutral
24-03-2026,https://gold.example.com/news/215,Gold mining stocks outperform sector averages,0,1,0,0,1,0,positive
25-03-2026,https://gold.example.com/news/216,Portfolio diversification demands push bullion sales,0,0,1,0,1,0,positive
27-03-2026,https://gold.example.com/news/217,Asian gold markets see strong local demand,1,0,0,0,1,0,positive
30-03-2026,https://gold.example.com/news/218,Safe haven flows into precious metals accelerate,0,1,0,0,1,0,positive
01-04-2026,https://gold.example.com/news/219,Market forecasters raise gold price targets,1,0,0,0,1,0,negative
02-04-2026,https://gold.example.com/news/220,Gold prices surge as market volatility increases,0,0,1,0,1,0,negative
06-04-2026,https://gold.example.com/news/221,RBI policy announcement impacts gold trading,0,1,0,0,1,0,negative
07-04-2026,https://gold.example.com/news/222,Indian rupee movement affects gold imports,1,0,0,0,1,0,negative
08-04-2026,https://gold.example.com/news/223,Global gold demand remains strong despite headwinds,0,1,0,0,1,0,neutral
09-04-2026,https://gold.example.com/news/224,MCX gold futures rally on investment demand,0,1,0,0,1,0,negative
10-04-2026,https://gold.example.com/news/225,Gold ETF flows increase as safe haven demand grows,0,1,0,0,1,0,negative
13-04-2026,https://gold.example.com/news/226,Inflation concerns support precious metal prices,0,1,0,0,1,0,positive
15-04-2026,https://gold.example.com/news/227,Dollar weakness boosts gold attractiveness globally,0,1,0,0,1,0,positive
16-04-2026,https://gold.example.com/news/228,Central bank purchases push gold prices higher,0,0,1,0,1,0,negative
17-04-2026,https://gold.example.com/news/229,Economic uncertainty drives gold buying interest,1,0,0,0,1,0,negative
20-04-2026,https://gold.example.com/news/230,Geopolitical tensions elevate gold risk premium,0,1,0,0,1,0,positive
21-04-2026,https://gold.example.com/news/231,Interest rate expectations impact gold demand,0,1,0,0,1,0,negative
22-04-2026,https://gold.example.com/news/232,Jewelry demand in India remains steady,0,0,1,0,1,0,negative
23-04-2026,https://gold.example.com/news/233,Industrial gold consumption shows mixed trends,1,0,0,0,1,0,negative
24-04-2026,https://gold.example.com/news/234,Technical analysis suggests continued gold strength,0,0,1,0,1,0,negative
27-04-2026,https://gold.example.com/news/235,Gold mining stocks outperform sector averages,0,1,0,0,1,0,neutral
28-04-2026,https://gold.example.com/news/236,Portfolio diversification demands push bullion sales,0,1,0,0,1,0,neutral
29-04-2026,https://gold.example.com/news/237,Asian gold markets see strong local demand,0,0,1,0,1,0,positive
30-04-2026,https://gold.example.com/news/238,Safe haven flows into precious metals accelerate,0,0,1,0,1,0,neutral
01-05-2026,https://gold.example.com/news/239,Market forecasters raise gold price targets,1,0,0,0,1,0,positive
04-05-2026,https://gold.example.com/news/240,Gold prices surge as market volatility increases,0,0,1,0,1,0,negative
05-05-2026,https://gold.example.com/news/241,RBI policy announcement impacts gold trading,0,1,0,0,1,0,positive
06-05-2026,https://gold.example.com/news/242,Indian rupee movement affects gold imports,0,0,1,0,1,0,positive
07-05-2026,https://gold.example.com/news/243,Global gold demand remains strong despite headwinds,1,0,0,0,1,0,positive
08-05-2026,https://gold.example.com/news/244,MCX gold futures rally on investment demand,0,1,0,0,1,0,neutral
11-05-2026,https://gold.example.com/news/245,Gold ETF flows increase as safe haven demand grows,0,1,0,0,1,0,positive
12-05-2026,https://gold.example.com/news/246,Inflation concerns support precious metal prices,1,0,0,0,1,0,negative
14-05-2026,https://gold.example.com/news/247,Dollar weakness boosts gold attractiveness globally,0,0,1,0,1,0,neutral
